Navn;Stasjon;Tid(norsk normaltid);Homogenisert middeltemperatur (mnd);Nedbør (mnd)
Bergen - Florida;SN50540;01.1957;3,7;-
Bergen - Florida;SN50540;02.1957;2,2;-
Bergen - Florida;SN50540;03.1957;5,5;-
Bergen - Florida;SN50540;04.1957;6,7;-
Bergen - Florida;SN50540;05.1957;9,4;-
Bergen - Florida;SN50540;06.1957;11,8;-
Bergen - Florida;SN50540;07.1957;14,5;-
Bergen - Florida;SN50540;08.1957;14,1;-
Bergen - Florida;SN50540;09.1957;10,7;-
Bergen - Florida;SN50540;10.1957;8,5;-
Bergen - Florida;SN50540;11.1957;5;-
Bergen - Florida;SN50540;12.1957;3,1;-
Bergen - Florida;SN50540;01.1958;0,9;-
Bergen - Florida;SN50540;02.1958;-1;-
Bergen - Florida;SN50540;03.1958;0,2;-
Bergen - Florida;SN50540;04.1958;4,8;-
Bergen - Florida;SN50540;05.1958;7,8;-
Bergen - Florida;SN50540;06.1958;14;-
Bergen - Florida;SN50540;07.1958;15,2;-
Bergen - Florida;SN50540;08.1958;14,6;-
Bergen - Florida;SN50540;09.1958;14,3;-
Bergen - Florida;SN50540;10.1958;9,7;-
Bergen - Florida;SN50540;11.1958;6,7;-
Bergen - Florida;SN50540;12.1958;1,6;-
Bergen - Florida;SN50540;01.1959;-0,8;-
Bergen - Florida;SN50540;02.1959;2,1;-
Bergen - Florida;SN50540;03.1959;5,7;-
Bergen - Florida;SN50540;04.1959;7,6;-
Bergen - Florida;SN50540;05.1959;10,8;-
Bergen - Florida;SN50540;06.1959;13,3;-
Bergen - Florida;SN50540;07.1959;15,6;-
Bergen - Florida;SN50540;08.1959;15,7;-
Bergen - Florida;SN50540;09.1959;11,8;-
Bergen - Florida;SN50540;10.1959;9,9;-
Bergen - Florida;SN50540;11.1959;7,3;-
Bergen - Florida;SN50540;12.1959;3,8;-
Bergen - Florida;SN50540;01.1960;0,4;-
Bergen - Florida;SN50540;02.1960;1,2;-
Bergen - Florida;SN50540;03.1960;4,8;-
Bergen - Florida;SN50540;04.1960;6,8;-
Bergen - Florida;SN50540;05.1960;11,5;-
Bergen - Florida;SN50540;06.1960;13,4;-
Bergen - Florida;SN50540;07.1960;15,2;-
Bergen - Florida;SN50540;08.1960;15,9;-
Bergen - Florida;SN50540;09.1960;12,9;-
Bergen - Florida;SN50540;10.1960;8,2;-
Bergen - Florida;SN50540;11.1960;5,5;-
Bergen - Florida;SN50540;12.1960;2,4;-
Bergen - Florida;SN50540;01.1961;0,9;-
Bergen - Florida;SN50540;02.1961;4;-
Bergen - Florida;SN50540;03.1961;4,7;-
Bergen - Florida;SN50540;04.1961;6,9;-
Bergen - Florida;SN50540;05.1961;10,2;-
Bergen - Florida;SN50540;06.1961;12,5;-
Bergen - Florida;SN50540;07.1961;14,2;-
Bergen - Florida;SN50540;08.1961;13,6;-
Bergen - Florida;SN50540;09.1961;13,4;-
Bergen - Florida;SN50540;10.1961;11,3;-
Bergen - Florida;SN50540;11.1961;5,9;-
Bergen - Florida;SN50540;12.1961;1,5;-
Bergen - Florida;SN50540;01.1962;3,2;-
Bergen - Florida;SN50540;02.1962;2,2;-
Bergen - Florida;SN50540;03.1962;0,3;-
Bergen - Florida;SN50540;04.1962;5,9;-
Bergen - Florida;SN50540;05.1962;9,2;-
Bergen - Florida;SN50540;06.1962;11,3;-
Bergen - Florida;SN50540;07.1962;14,1;-
Bergen - Florida;SN50540;08.1962;12,9;-
Bergen - Florida;SN50540;09.1962;11;-
Bergen - Florida;SN50540;10.1962;9;-
Bergen - Florida;SN50540;11.1962;3,9;-
Bergen - Florida;SN50540;12.1962;1,2;-
Bergen - Florida;SN50540;01.1963;-2,5;-
Bergen - Florida;SN50540;02.1963;-2,1;-
Bergen - Florida;SN50540;03.1963;3,7;-
Bergen - Florida;SN50540;04.1963;6,5;-
Bergen - Florida;SN50540;05.1963;9,7;-
Bergen - Florida;SN50540;06.1963;15,2;-
Bergen - Florida;SN50540;07.1963;13,7;-
Bergen - Florida;SN50540;08.1963;15;-
Bergen - Florida;SN50540;09.1963;11,5;-
Bergen - Florida;SN50540;10.1963;8,7;-
Bergen - Florida;SN50540;11.1963;5,3;-
Bergen - Florida;SN50540;12.1963;2,1;-
Bergen - Florida;SN50540;01.1964;3,2;-
Bergen - Florida;SN50540;02.1964;2,2;-
Bergen - Florida;SN50540;03.1964;3,9;-
Bergen - Florida;SN50540;04.1964;6,9;-
Bergen - Florida;SN50540;05.1964;10,3;-
Bergen - Florida;SN50540;06.1964;11,5;-
Bergen - Florida;SN50540;07.1964;12,5;-
Bergen - Florida;SN50540;08.1964;13,1;-
Bergen - Florida;SN50540;09.1964;10,7;-
Bergen - Florida;SN50540;10.1964;8,1;-
Bergen - Florida;SN50540;11.1964;5,4;-
Bergen - Florida;SN50540;12.1964;2,5;-
Bergen - Florida;SN50540;01.1965;1,3;-
Bergen - Florida;SN50540;02.1965;1,7;-
Bergen - Florida;SN50540;03.1965;2,3;-
Bergen - Florida;SN50540;04.1965;6,7;-
Bergen - Florida;SN50540;05.1965;10;-
Bergen - Florida;SN50540;06.1965;12,8;-
Bergen - Florida;SN50540;07.1965;13,9;-
Bergen - Florida;SN50540;08.1965;13,3;-
Bergen - Florida;SN50540;09.1965;13,8;-
Bergen - Florida;SN50540;10.1965;9,5;-
Bergen - Florida;SN50540;11.1965;1,7;-
Bergen - Florida;SN50540;12.1965;0;-
Bergen - Florida;SN50540;01.1966;-0,9;-
Bergen - Florida;SN50540;02.1966;-0,4;-
Bergen - Florida;SN50540;03.1966;2,9;-
Bergen - Florida;SN50540;04.1966;4,3;-
Bergen - Florida;SN50540;05.1966;9,2;-
Bergen - Florida;SN50540;06.1966;15,3;-
Bergen - Florida;SN50540;07.1966;13,4;-
Bergen - Florida;SN50540;08.1966;13,9;-
Bergen - Florida;SN50540;09.1966;10,7;-
Bergen - Florida;SN50540;10.1966;8,6;-
Bergen - Florida;SN50540;11.1966;4;-
Bergen - Florida;SN50540;12.1966;1,9;-
Bergen - Florida;SN50540;01.1967;1;-
Bergen - Florida;SN50540;02.1967;3,4;-
Bergen - Florida;SN50540;03.1967;3,8;-
Bergen - Florida;SN50540;04.1967;5,1;-
Bergen - Florida;SN50540;05.1967;9,5;-
Bergen - Florida;SN50540;06.1967;11,5;-
Bergen - Florida;SN50540;07.1967;14,2;-
Bergen - Florida;SN50540;08.1967;14,1;-
Bergen - Florida;SN50540;09.1967;13,1;-
Bergen - Florida;SN50540;10.1967;8,4;-
Bergen - Florida;SN50540;11.1967;6,6;-
Bergen - Florida;SN50540;12.1967;2;-
Bergen - Florida;SN50540;01.1968;0,4;-
Bergen - Florida;SN50540;02.1968;0,3;-
Bergen - Florida;SN50540;03.1968;2,8;-
Bergen - Florida;SN50540;04.1968;6,6;-
Bergen - Florida;SN50540;05.1968;9,3;-
Bergen - Florida;SN50540;06.1968;13,9;-
Bergen - Florida;SN50540;07.1968;14,9;-
Bergen - Florida;SN50540;08.1968;14,5;-
Bergen - Florida;SN50540;09.1968;14;-
Bergen - Florida;SN50540;10.1968;8,2;-
Bergen - Florida;SN50540;11.1968;2,9;-
Bergen - Florida;SN50540;12.1968;2;-
Bergen - Florida;SN50540;01.1969;2,9;-
Bergen - Florida;SN50540;02.1969;-2;-
Bergen - Florida;SN50540;03.1969;0,7;-
Bergen - Florida;SN50540;04.1969;6,4;-
Bergen - Florida;SN50540;05.1969;10,8;-
Bergen - Florida;SN50540;06.1969;14,4;-
Bergen - Florida;SN50540;07.1969;13,8;-
Bergen - Florida;SN50540;08.1969;18,2;-
Bergen - Florida;SN50540;09.1969;11,3;-
Bergen - Florida;SN50540;10.1969;9,3;-
Bergen - Florida;SN50540;11.1969;2,1;-
Bergen - Florida;SN50540;12.1969;0,9;-
Bergen - Florida;SN50540;01.1970;0,2;-
Bergen - Florida;SN50540;02.1970;-1,1;-
Bergen - Florida;SN50540;03.1970;1,4;-
Bergen - Florida;SN50540;04.1970;3,9;-
Bergen - Florida;SN50540;05.1970;10,6;-
Bergen - Florida;SN50540;06.1970;15,5;-
Bergen - Florida;SN50540;07.1970;13;-
Bergen - Florida;SN50540;08.1970;15,4;-
Bergen - Florida;SN50540;09.1970;11,2;-
Bergen - Florida;SN50540;10.1970;8;-
Bergen - Florida;SN50540;11.1970;4,5;-
Bergen - Florida;SN50540;12.1970;2,5;-
Bergen - Florida;SN50540;01.1971;3;-
Bergen - Florida;SN50540;02.1971;3,2;-
Bergen - Florida;SN50540;03.1971;2;-
Bergen - Florida;SN50540;04.1971;6,2;-
Bergen - Florida;SN50540;05.1971;10,6;-
Bergen - Florida;SN50540;06.1971;12,5;-
Bergen - Florida;SN50540;07.1971;14;-
Bergen - Florida;SN50540;08.1971;14,2;-
Bergen - Florida;SN50540;09.1971;11,6;-
Bergen - Florida;SN50540;10.1971;8;-
Bergen - Florida;SN50540;11.1971;3;-
Bergen - Florida;SN50540;12.1971;5;-
Bergen - Florida;SN50540;01.1972;0,2;-
Bergen - Florida;SN50540;02.1972;2,1;-
Bergen - Florida;SN50540;03.1972;4,6;-
Bergen - Florida;SN50540;04.1972;6,1;-
Bergen - Florida;SN50540;05.1972;11,9;-
Bergen - Florida;SN50540;06.1972;12,1;-
Bergen - Florida;SN50540;07.1972;15,4;-
Bergen - Florida;SN50540;08.1972;13;-
Bergen - Florida;SN50540;09.1972;9,9;-
Bergen - Florida;SN50540;10.1972;8,6;-
Bergen - Florida;SN50540;11.1972;4,4;-
Bergen - Florida;SN50540;12.1972;5,7;-
Bergen - Florida;SN50540;01.1973;4,4;-
Bergen - Florida;SN50540;02.1973;2,1;-
Bergen - Florida;SN50540;03.1973;5,1;-
Bergen - Florida;SN50540;04.1973;4,2;-
Bergen - Florida;SN50540;05.1973;9,5;-
Bergen - Florida;SN50540;06.1973;12,3;-
Bergen - Florida;SN50540;07.1973;15,9;-
Bergen - Florida;SN50540;08.1973;12,9;-
Bergen - Florida;SN50540;09.1973;11,3;-
Bergen - Florida;SN50540;10.1973;6,1;-
Bergen - Florida;SN50540;11.1973;2,9;-
Bergen - Florida;SN50540;12.1973;2;-
Bergen - Florida;SN50540;01.1974;5,5;-
Bergen - Florida;SN50540;02.1974;4,4;-
Bergen - Florida;SN50540;03.1974;4,9;-
Bergen - Florida;SN50540;04.1974;7,8;-
Bergen - Florida;SN50540;05.1974;11,3;-
Bergen - Florida;SN50540;06.1974;13,9;-
Bergen - Florida;SN50540;07.1974;12,5;-
Bergen - Florida;SN50540;08.1974;14;-
Bergen - Florida;SN50540;09.1974;11,6;-
Bergen - Florida;SN50540;10.1974;7,5;-
Bergen - Florida;SN50540;11.1974;5,4;-
Bergen - Florida;SN50540;12.1974;4,3;-
Bergen - Florida;SN50540;01.1975;4,2;-
Bergen - Florida;SN50540;02.1975;3,1;-
Bergen - Florida;SN50540;03.1975;3,5;-
Bergen - Florida;SN50540;04.1975;5,1;-
Bergen - Florida;SN50540;05.1975;9,6;-
Bergen - Florida;SN50540;06.1975;12;-
Bergen - Florida;SN50540;07.1975;14,6;-
Bergen - Florida;SN50540;08.1975;16,9;-
Bergen - Florida;SN50540;09.1975;11,3;-
Bergen - Florida;SN50540;10.1975;8,6;-
Bergen - Florida;SN50540;11.1975;5,7;-
Bergen - Florida;SN50540;12.1975;3,9;-
Bergen - Florida;SN50540;01.1976;0,4;-
Bergen - Florida;SN50540;02.1976;2,2;-
Bergen - Florida;SN50540;03.1976;1,8;-
Bergen - Florida;SN50540;04.1976;5,2;-
Bergen - Florida;SN50540;05.1976;11,2;-
Bergen - Florida;SN50540;06.1976;13,3;-
Bergen - Florida;SN50540;07.1976;15,9;-
Bergen - Florida;SN50540;08.1976;14,8;-
Bergen - Florida;SN50540;09.1976;10,4;-
Bergen - Florida;SN50540;10.1976;9,2;-
Bergen - Florida;SN50540;11.1976;5,6;-
Bergen - Florida;SN50540;12.1976;0;-
Bergen - Florida;SN50540;01.1977;1;-
Bergen - Florida;SN50540;02.1977;0,7;-
Bergen - Florida;SN50540;03.1977;4,6;-
Bergen - Florida;SN50540;04.1977;3,9;-
Bergen - Florida;SN50540;05.1977;10;-
Bergen - Florida;SN50540;06.1977;11,8;-
Bergen - Florida;SN50540;07.1977;13,8;-
Bergen - Florida;SN50540;08.1977;14,4;-
Bergen - Florida;SN50540;09.1977;10,4;-
Bergen - Florida;SN50540;10.1977;10;-
Bergen - Florida;SN50540;11.1977;4,4;-
Bergen - Florida;SN50540;12.1977;4,6;-
Bergen - Florida;SN50540;01.1978;2,5;-
Bergen - Florida;SN50540;02.1978;-0,5;-
Bergen - Florida;SN50540;03.1978;3,3;-
Bergen - Florida;SN50540;04.1978;5,3;-
Bergen - Florida;SN50540;05.1978;11;-
Bergen - Florida;SN50540;06.1978;13,9;-
Bergen - Florida;SN50540;07.1978;14,1;-
Bergen - Florida;SN50540;08.1978;14,5;-
Bergen - Florida;SN50540;09.1978;10,5;-
Bergen - Florida;SN50540;10.1978;8,7;-
Bergen - Florida;SN50540;11.1978;5,7;-
Bergen - Florida;SN50540;12.1978;-0,6;-
Bergen - Florida;SN50540;01.1979;-1,8;-
Bergen - Florida;SN50540;02.1979;-0,6;-
Bergen - Florida;SN50540;03.1979;2,3;-
Bergen - Florida;SN50540;04.1979;6,2;-
Bergen - Florida;SN50540;05.1979;7,8;-
Bergen - Florida;SN50540;06.1979;12,8;-
Bergen - Florida;SN50540;07.1979;12,5;-
Bergen - Florida;SN50540;08.1979;13,3;-
Bergen - Florida;SN50540;09.1979;10,3;-
Bergen - Florida;SN50540;10.1979;7,9;-
Bergen - Florida;SN50540;11.1979;4,4;-
Bergen - Florida;SN50540;12.1979;1,8;-
Bergen - Florida;SN50540;01.1980;0,6;-
Bergen - Florida;SN50540;02.1980;0,8;-
Bergen - Florida;SN50540;03.1980;1,9;-
Bergen - Florida;SN50540;04.1980;6,4;-
Bergen - Florida;SN50540;05.1980;10,8;-
Bergen - Florida;SN50540;06.1980;15;-
Bergen - Florida;SN50540;07.1980;16,7;-
Bergen - Florida;SN50540;08.1980;14,8;-
Bergen - Florida;SN50540;09.1980;12,6;-
Bergen - Florida;SN50540;10.1980;6,4;-
Bergen - Florida;SN50540;11.1980;3;-
Bergen - Florida;SN50540;12.1980;3,1;-
Bergen - Florida;SN50540;01.1981;0,6;-
Bergen - Florida;SN50540;02.1981;1;-
Bergen - Florida;SN50540;03.1981;2,8;-
Bergen - Florida;SN50540;04.1981;5;-
Bergen - Florida;SN50540;05.1981;12,6;-
Bergen - Florida;SN50540;06.1981;11,6;-
Bergen - Florida;SN50540;07.1981;13,8;-
Bergen - Florida;SN50540;08.1981;13,3;-
Bergen - Florida;SN50540;09.1981;13,3;-
Bergen - Florida;SN50540;10.1981;7,4;-
Bergen - Florida;SN50540;11.1981;4,5;-
Bergen - Florida;SN50540;12.1981;-3,1;-
Bergen - Florida;SN50540;01.1982;-0,2;-
Bergen - Florida;SN50540;02.1982;3,2;-
Bergen - Florida;SN50540;03.1982;4,4;-
Bergen - Florida;SN50540;04.1982;5,4;-
Bergen - Florida;SN50540;05.1982;9,7;-
Bergen - Florida;SN50540;06.1982;14,4;-
Bergen - Florida;SN50540;07.1982;15,2;-
Bergen - Florida;SN50540;08.1982;14,9;-
Bergen - Florida;SN50540;09.1982;11,1;-
Bergen - Florida;SN50540;10.1982;10;-
Bergen - Florida;SN50540;11.1982;5,8;-
Bergen - Florida;SN50540;12.1982;3,3;-
Bergen - Florida;SN50540;01.1983;3,8;461
Bergen - Florida;SN50540;02.1983;0,8;45,3
Bergen - Florida;SN50540;03.1983;3,9;248,8
Bergen - Florida;SN50540;04.1983;6,4;104,1
Bergen - Florida;SN50540;05.1983;10,1;142,7
Bergen - Florida;SN50540;06.1983;12,7;99,1
Bergen - Florida;SN50540;07.1983;14,9;144,3
Bergen - Florida;SN50540;08.1983;13,6;192
Bergen - Florida;SN50540;09.1983;11,5;279
Bergen - Florida;SN50540;10.1983;8;586,3
Bergen - Florida;SN50540;11.1983;4,6;282
Bergen - Florida;SN50540;12.1983;3,1;314,6
Bergen - Florida;SN50540;01.1984;-0,2;196,3
Bergen - Florida;SN50540;02.1984;1,6;106,5
Bergen - Florida;SN50540;03.1984;2;52
Bergen - Florida;SN50540;04.1984;6,5;144,7
Bergen - Florida;SN50540;05.1984;11,7;34,6
Bergen - Florida;SN50540;06.1984;13,9;121,6
Bergen - Florida;SN50540;07.1984;14,1;75,8
Bergen - Florida;SN50540;08.1984;14,5;156,2
Bergen - Florida;SN50540;09.1984;11,1;74,9
Bergen - Florida;SN50540;10.1984;9;371,3
Bergen - Florida;SN50540;11.1984;6,9;165,1
Bergen - Florida;SN50540;12.1984;4,4;261,4
Bergen - Florida;SN50540;01.1985;-1,6;95,4
Bergen - Florida;SN50540;02.1985;0,1;145,4
Bergen - Florida;SN50540;03.1985;3;165,1
Bergen - Florida;SN50540;04.1985;5,4;94,2
Bergen - Florida;SN50540;05.1985;11,5;50,3
Bergen - Florida;SN50540;06.1985;12,8;37,1
Bergen - Florida;SN50540;07.1985;14,9;203,3
Bergen - Florida;SN50540;08.1985;14,1;325,4
Bergen - Florida;SN50540;09.1985;9,9;188,5
Bergen - Florida;SN50540;10.1985;9,4;307,4
Bergen - Florida;SN50540;11.1985;1;101,1
Bergen - Florida;SN50540;12.1985;1,1;252,8
Bergen - Florida;SN50540;01.1986;-1,4;153,5
Bergen - Florida;SN50540;02.1986;-2,1;4,7
Bergen - Florida;SN50540;03.1986;4,2;227,3
Bergen - Florida;SN50540;04.1986;5,2;17,2
Bergen - Florida;SN50540;05.1986;10,6;197,6
Bergen - Florida;SN50540;06.1986;14,6;109
Bergen - Florida;SN50540;07.1986;13,7;188,2
Bergen - Florida;SN50540;08.1986;13,6;117,3
Bergen - Florida;SN50540;09.1986;8,8;477,8
Bergen - Florida;SN50540;10.1986;8,6;419,4
Bergen - Florida;SN50540;11.1986;6,6;474,2
Bergen - Florida;SN50540;12.1986;2,9;392,6
Bergen - Florida;SN50540;01.1987;-2,9;79,2
Bergen - Florida;SN50540;02.1987;1,4;147,8
Bergen - Florida;SN50540;03.1987;1,4;84,4
Bergen - Florida;SN50540;04.1987;7,6;80,6
Bergen - Florida;SN50540;05.1987;9,1;99,5
Bergen - Florida;SN50540;06.1987;11,5;50,7
Bergen - Florida;SN50540;07.1987;15,1;56
Bergen - Florida;SN50540;08.1987;13,7;150,8
Bergen - Florida;SN50540;09.1987;10,8;331,2
Bergen - Florida;SN50540;10.1987;10,3;214,1
Bergen - Florida;SN50540;11.1987;4,9;176,8
Bergen - Florida;SN50540;12.1987;3,9;239
Bergen - Florida;SN50540;01.1988;4;235,6
Bergen - Florida;SN50540;02.1988;3,3;174,6
Bergen - Florida;SN50540;03.1988;2,3;82,1
Bergen - Florida;SN50540;04.1988;4,6;158,3
Bergen - Florida;SN50540;05.1988;11,9;83,5
Bergen - Florida;SN50540;06.1988;14,3;25
Bergen - Florida;SN50540;07.1988;15,5;185
Bergen - Florida;SN50540;08.1988;14,5;269,1
Bergen - Florida;SN50540;09.1988;12,2;402,4
Bergen - Florida;SN50540;10.1988;8,1;174,5
Bergen - Florida;SN50540;11.1988;4,4;235,7
Bergen - Florida;SN50540;12.1988;3,6;315,9
Bergen - Florida;SN50540;01.1989;6;478,4
Bergen - Florida;SN50540;02.1989;4,7;299,3
Bergen - Florida;SN50540;03.1989;5,1;328
Bergen - Florida;SN50540;04.1989;6,8;61,1
Bergen - Florida;SN50540;05.1989;9,4;198,2
Bergen - Florida;SN50540;06.1989;13,3;200,2
Bergen - Florida;SN50540;07.1989;14,4;152,3
Bergen - Florida;SN50540;08.1989;13;351,7
Bergen - Florida;SN50540;09.1989;11,9;268,5
Bergen - Florida;SN50540;10.1989;8,6;205,2
Bergen - Florida;SN50540;11.1989;5,6;129,6
Bergen - Florida;SN50540;12.1989;2,9;194,7
Bergen - Florida;SN50540;01.1990;5;367,2
Bergen - Florida;SN50540;02.1990;5,5;322,1
Bergen - Florida;SN50540;03.1990;5,3;431,6
Bergen - Florida;SN50540;04.1990;6,5;295,4
Bergen - Florida;SN50540;05.1990;11,5;36,5
Bergen - Florida;SN50540;06.1990;14,4;109,3
Bergen - Florida;SN50540;07.1990;14,8;134,7
Bergen - Florida;SN50540;08.1990;14,8;200,9
Bergen - Florida;SN50540;09.1990;10,7;310
Bergen - Florida;SN50540;10.1990;9,3;259,2
Bergen - Florida;SN50540;11.1990;5,3;160,1
Bergen - Florida;SN50540;12.1990;3,9;365
Bergen - Florida;SN50540;01.1991;3,3;209,9
Bergen - Florida;SN50540;02.1991;0,4;95,6
Bergen - Florida;SN50540;03.1991;5,5;207,9
Bergen - Florida;SN50540;04.1991;7;148,1
Bergen - Florida;SN50540;05.1991;9;84
Bergen - Florida;SN50540;06.1991;10,9;144,6
Bergen - Florida;SN50540;07.1991;17,1;95,2
Bergen - Florida;SN50540;08.1991;15,4;244
Bergen - Florida;SN50540;09.1991;11,2;331,3
Bergen - Florida;SN50540;10.1991;8;139,1
Bergen - Florida;SN50540;11.1991;5,5;373,2
Bergen - Florida;SN50540;12.1991;4,6;355,6
Bergen - Florida;SN50540;01.1992;4,7;391,6
Bergen - Florida;SN50540;02.1992;4,3;334,1
Bergen - Florida;SN50540;03.1992;4,1;321,4
Bergen - Florida;SN50540;04.1992;5,9;150,4
Bergen - Florida;SN50540;05.1992;12,2;173,9
Bergen - Florida;SN50540;06.1992;16,2;69,1
Bergen - Florida;SN50540;07.1992;14,3;205,9
Bergen - Florida;SN50540;08.1992;13,5;247,9
Bergen - Florida;SN50540;09.1992;12,4;265,1
Bergen - Florida;SN50540;10.1992;6,2;64,5
Bergen - Florida;SN50540;11.1992;4,7;363,3
Bergen - Florida;SN50540;12.1992;3,9;432,7
Bergen - Florida;SN50540;01.1993;3,1;359,8
Bergen - Florida;SN50540;02.1993;3,5;211,6
Bergen - Florida;SN50540;03.1993;3,8;206,1
Bergen - Florida;SN50540;04.1993;8;74,2
Bergen - Florida;SN50540;05.1993;12,1;51,7
Bergen - Florida;SN50540;06.1993;12,1;75,7
Bergen - Florida;SN50540;07.1993;12,6;153,4
Bergen - Florida;SN50540;08.1993;12,8;177,5
Bergen - Florida;SN50540;09.1993;11;63,4
Bergen - Florida;SN50540;10.1993;7,5;112,6
Bergen - Florida;SN50540;11.1993;3,1;61,6
Bergen - Florida;SN50540;12.1993;1,2;296,2
Bergen - Florida;SN50540;01.1994;1,5;286,1
Bergen - Florida;SN50540;02.1994;-0,8;16,3
Bergen - Florida;SN50540;03.1994;2,9;335,8
Bergen - Florida;SN50540;04.1994;6,5;252,7
Bergen - Florida;SN50540;05.1994;10;101,5
Bergen - Florida;SN50540;06.1994;10,6;304,8
Bergen - Florida;SN50540;07.1994;16,3;116,1
Bergen - Florida;SN50540;08.1994;15;126,8
Bergen - Florida;SN50540;09.1994;11,7;180
Bergen - Florida;SN50540;10.1994;7,3;206,9
Bergen - Florida;SN50540;11.1994;6,8;195,1
Bergen - Florida;SN50540;12.1994;4,3;427,2
Bergen - Florida;SN50540;01.1995;2,6;245,8
Bergen - Florida;SN50540;02.1995;2,6;323,6
Bergen - Florida;SN50540;03.1995;3,6;277,2
Bergen - Florida;SN50540;04.1995;5,2;171,6
Bergen - Florida;SN50540;05.1995;8,9;96
Bergen - Florida;SN50540;06.1995;13,6;81
Bergen - Florida;SN50540;07.1995;14,7;247,6
Bergen - Florida;SN50540;08.1995;15;100,4
Bergen - Florida;SN50540;09.1995;12,9;157,5
Bergen - Florida;SN50540;10.1995;10,4;543
Bergen - Florida;SN50540;11.1995;4,3;255,7
Bergen - Florida;SN50540;12.1995;-0,8;143,1
Bergen - Florida;SN50540;01.1996;1,1;29,7
Bergen - Florida;SN50540;02.1996;0,3;166,8
Bergen - Florida;SN50540;03.1996;2,7;51,1
Bergen - Florida;SN50540;04.1996;6,9;73,2
Bergen - Florida;SN50540;05.1996;8,4;63,8
Bergen - Florida;SN50540;06.1996;12,2;145,6
Bergen - Florida;SN50540;07.1996;12,7;164,4
Bergen - Florida;SN50540;08.1996;17,6;90,5
Bergen - Florida;SN50540;09.1996;12;74,7
Bergen - Florida;SN50540;10.1996;9,6;407,7
Bergen - Florida;SN50540;11.1996;1,6;226
Bergen - Florida;SN50540;12.1996;0,9;195,6
Bergen - Florida;SN50540;01.1997;2,4;156,4
Bergen - Florida;SN50540;02.1997;3,6;365,9
Bergen - Florida;SN50540;03.1997;4,1;281,2
Bergen - Florida;SN50540;04.1997;5,1;180
Bergen - Florida;SN50540;05.1997;9,7;85,4
Bergen - Florida;SN50540;06.1997;15,5;46,6
Bergen - Florida;SN50540;07.1997;17,3;84,4
Bergen - Florida;SN50540;08.1997;18,3;136,9
Bergen - Florida;SN50540;09.1997;11,8;340,3
Bergen - Florida;SN50540;10.1997;6,7;227,9
Bergen - Florida;SN50540;11.1997;5,3;77,9
Bergen - Florida;SN50540;12.1997;3,3;176,2
Bergen - Florida;SN50540;01.1998;3,5;233,8
Bergen - Florida;SN50540;02.1998;4,9;490,8
Bergen - Florida;SN50540;03.1998;3;209,4
Bergen - Florida;SN50540;04.1998;6,9;51,4
Bergen - Florida;SN50540;05.1998;10,5;51,2
Bergen - Florida;SN50540;06.1998;12,5;128,6
Bergen - Florida;SN50540;07.1998;13,6;198,6
Bergen - Florida;SN50540;08.1998;13,1;237,6
Bergen - Florida;SN50540;09.1998;13,7;62,2
Bergen - Florida;SN50540;10.1998;7;301
Bergen - Florida;SN50540;11.1998;3;190,1
Bergen - Florida;SN50540;12.1998;4;290
Bergen - Florida;SN50540;01.1999;2,8;295,8
Bergen - Florida;SN50540;02.1999;1,8;265,7
Bergen - Florida;SN50540;03.1999;4,6;266,9
Bergen - Florida;SN50540;04.1999;7,5;199,7
Bergen - Florida;SN50540;05.1999;9,9;136,4
Bergen - Florida;SN50540;06.1999;13,1;199,5
Bergen - Florida;SN50540;07.1999;14,6;211,5
Bergen - Florida;SN50540;08.1999;15,5;102,1
Bergen - Florida;SN50540;09.1999;15,6;233,5
Bergen - Florida;SN50540;10.1999;8,6;218,7
Bergen - Florida;SN50540;11.1999;6,9;333,5
Bergen - Florida;SN50540;12.1999;2;355,2
Bergen - Florida;SN50540;01.2000;3,5;378,4
Bergen - Florida;SN50540;02.2000;3,3;330,2
Bergen - Florida;SN50540;03.2000;3,2;240,5
Bergen - Florida;SN50540;04.2000;8;115,5
Bergen - Florida;SN50540;05.2000;11,7;131,1
Bergen - Florida;SN50540;06.2000;12,2;176,8
Bergen - Florida;SN50540;07.2000;14,7;40,9
Bergen - Florida;SN50540;08.2000;13,7;297,6
Bergen - Florida;SN50540;09.2000;12,9;143,8
Bergen - Florida;SN50540;10.2000;11;222,1
Bergen - Florida;SN50540;11.2000;7,7;154,6
Bergen - Florida;SN50540;12.2000;3,9;164,4
Bergen - Florida;SN50540;01.2001;2,5;79
Bergen - Florida;SN50540;02.2001;-0,3;132
Bergen - Florida;SN50540;03.2001;1,9;111,9
Bergen - Florida;SN50540;04.2001;5,7;123,7
Bergen - Florida;SN50540;05.2001;10,4;77,8
Bergen - Florida;SN50540;06.2001;12;166,3
Bergen - Florida;SN50540;07.2001;15,7;148,2
Bergen - Florida;SN50540;08.2001;14,9;235
Bergen - Florida;SN50540;09.2001;12,7;113,1
Bergen - Florida;SN50540;10.2001;10,8;332,4
Bergen - Florida;SN50540;11.2001;4,8;367,3
Bergen - Florida;SN50540;12.2001;1,1;203
Bergen - Florida;SN50540;01.2002;3,8;288,9
Bergen - Florida;SN50540;02.2002;3,1;266,4
Bergen - Florida;SN50540;03.2002;3,7;188,3
Bergen - Florida;SN50540;04.2002;8,1;107,1
Bergen - Florida;SN50540;05.2002;12,7;102,5
Bergen - Florida;SN50540;06.2002;15,2;203,4
Bergen - Florida;SN50540;07.2002;15,3;223,7
Bergen - Florida;SN50540;08.2002;19,5;165,8
Bergen - Florida;SN50540;09.2002;13,6;160,3
Bergen - Florida;SN50540;10.2002;6,1;174,9
Bergen - Florida;SN50540;11.2002;2,8;118,5
Bergen - Florida;SN50540;12.2002;0,7;59
Bergen - Florida;SN50540;01.2003;2,2;368,8
Bergen - Florida;SN50540;02.2003;2;140
Bergen - Florida;SN50540;03.2003;4,8;95,1
Bergen - Florida;SN50540;04.2003;8,7;82,9
Bergen - Florida;SN50540;05.2003;9,7;196,3
Bergen - Florida;SN50540;06.2003;14,5;208,9
Bergen - Florida;SN50540;07.2003;18,2;175,9
Bergen - Florida;SN50540;08.2003;16;180,9
Bergen - Florida;SN50540;09.2003;12,4;364,5
Bergen - Florida;SN50540;10.2003;5,8;254,4
Bergen - Florida;SN50540;11.2003;6,8;213,5
Bergen - Florida;SN50540;12.2003;3,7;347,5
Bergen - Florida;SN50540;01.2004;1,7;182,1
Bergen - Florida;SN50540;02.2004;2,3;141,2
Bergen - Florida;SN50540;03.2004;4,6;136,7
Bergen - Florida;SN50540;04.2004;8,4;175,8
Bergen - Florida;SN50540;05.2004;10,6;95,4
Bergen - Florida;SN50540;06.2004;12,8;120
Bergen - Florida;SN50540;07.2004;14,5;131,6
Bergen - Florida;SN50540;08.2004;17,4;155,1
Bergen - Florida;SN50540;09.2004;12,2;381
Bergen - Florida;SN50540;10.2004;8,9;151
Bergen - Florida;SN50540;11.2004;4,7;354,6
Bergen - Florida;SN50540;12.2004;4,5;567,6
Bergen - Florida;SN50540;01.2005;3,6;465,6
Bergen - Florida;SN50540;02.2005;2,2;175,6
Bergen - Florida;SN50540;03.2005;3,6;169,2
Bergen - Florida;SN50540;04.2005;7,8;149,8
Bergen - Florida;SN50540;05.2005;9,1;162,7
Bergen - Florida;SN50540;06.2005;12;139,3
Bergen - Florida;SN50540;07.2005;16,3;88,9
Bergen - Florida;SN50540;08.2005;14;224,8
Bergen - Florida;SN50540;09.2005;12,5;450,3
Bergen - Florida;SN50540;10.2005;10,5;255,7
Bergen - Florida;SN50540;11.2005;6,2;558,8
Bergen - Florida;SN50540;12.2005;3;211,1
Bergen - Florida;SN50540;01.2006;2,7;156,6
Bergen - Florida;SN50540;02.2006;3;132,9
Bergen - Florida;SN50540;03.2006;0,7;54,9
Bergen - Florida;SN50540;04.2006;5,8;205,4
Bergen - Florida;SN50540;05.2006;11,3;70,4
Bergen - Florida;SN50540;06.2006;13,4;130,5
Bergen - Florida;SN50540;07.2006;17,6;180,5
Bergen - Florida;SN50540;08.2006;17,5;94,5
Bergen - Florida;SN50540;09.2006;15,4;226,9
Bergen - Florida;SN50540;10.2006;10,5;288,3
Bergen - Florida;SN50540;11.2006;7,3;475,3
Bergen - Florida;SN50540;12.2006;6,6;496,7
Bergen - Florida;SN50540;01.2007;3,5;423,9
Bergen - Florida;SN50540;02.2007;2,2;134,5
Bergen - Florida;SN50540;03.2007;6,2;263,4
Bergen - Florida;SN50540;04.2007;7,8;181,1
Bergen - Florida;SN50540;05.2007;9,7;188
Bergen - Florida;SN50540;06.2007;16;24,2
Bergen - Florida;SN50540;07.2007;14,9;245,9
Bergen - Florida;SN50540;08.2007;14;330,8
Bergen - Florida;SN50540;09.2007;10,3;363,1
Bergen - Florida;SN50540;10.2007;8,8;213,1
Bergen - Florida;SN50540;11.2007;4;373,8
Bergen - Florida;SN50540;12.2007;3,4;276,3
Bergen - Florida;SN50540;01.2008;3,6;329
Bergen - Florida;SN50540;02.2008;4,6;321,8
Bergen - Florida;SN50540;03.2008;3,2;217
Bergen - Florida;SN50540;04.2008;7,5;120,8
Bergen - Florida;SN50540;05.2008;12,3;17,5
Bergen - Florida;SN50540;06.2008;13,7;173
Bergen - Florida;SN50540;07.2008;18;114,4
Bergen - Florida;SN50540;08.2008;15,5;166,4
Bergen - Florida;SN50540;09.2008;12,7;145,3
Bergen - Florida;SN50540;10.2008;8;494,4
Bergen - Florida;SN50540;11.2008;4,5;277,3
Bergen - Florida;SN50540;12.2008;2,9;168,2
Bergen - Florida;SN50540;01.2009;3,3;197,7
Bergen - Florida;SN50540;02.2009;0,8;176,9
Bergen - Florida;SN50540;03.2009;4,7;235,7
Bergen - Florida;SN50540;04.2009;9,5;93,4
Bergen - Florida;SN50540;05.2009;10,8;176
Bergen - Florida;SN50540;06.2009;13,9;45,1
Bergen - Florida;SN50540;07.2009;16,8;146,9
Bergen - Florida;SN50540;08.2009;15,7;200
Bergen - Florida;SN50540;09.2009;12,3;360,8
Bergen - Florida;SN50540;10.2009;7;123,2
Bergen - Florida;SN50540;11.2009;7,1;266,3
Bergen - Florida;SN50540;12.2009;1,3;70,5
Bergen - Florida;SN50540;01.2010;-3,4;37
Bergen - Florida;SN50540;02.2010;-1,5;39
Bergen - Florida;SN50540;03.2010;3,4;204,3
Bergen - Florida;SN50540;04.2010;6,7;176,1
Bergen - Florida;SN50540;05.2010;8,8;56
Bergen - Florida;SN50540;06.2010;12,6;75
Bergen - Florida;SN50540;07.2010;15,6;171,6
Bergen - Florida;SN50540;08.2010;15,4;167,7
Bergen - Florida;SN50540;09.2010;12;241
Bergen - Florida;SN50540;10.2010;8,4;284,5
Bergen - Florida;SN50540;11.2010;1;95,6
Bergen - Florida;SN50540;12.2010;-2,6;76,3
Bergen - Florida;SN50540;01.2011;2,3;236,4
Bergen - Florida;SN50540;02.2011;1,3;169,4
Bergen - Florida;SN50540;03.2011;3,2;219,1
Bergen - Florida;SN50540;04.2011;9,2;148
Bergen - Florida;SN50540;05.2011;10,8;136,4
Bergen - Florida;SN50540;06.2011;13,1;248,1
Bergen - Florida;SN50540;07.2011;15,7;103
Bergen - Florida;SN50540;08.2011;15,1;109,4
Bergen - Florida;SN50540;09.2011;13;359,9
Bergen - Florida;SN50540;10.2011;10,1;303
Bergen - Florida;SN50540;11.2011;8,1;297,4
Bergen - Florida;SN50540;12.2011;3,5;352,4
Bergen - Florida;SN50540;01.2012;2,7;256,8
Bergen - Florida;SN50540;02.2012;2,7;286,2
Bergen - Florida;SN50540;03.2012;6,2;242,4
Bergen - Florida;SN50540;04.2012;5,7;101,7
Bergen - Florida;SN50540;05.2012;10,3;117,5
Bergen - Florida;SN50540;06.2012;12,9;54,8
Bergen - Florida;SN50540;07.2012;14,8;182,7
Bergen - Florida;SN50540;08.2012;15,2;202,7
Bergen - Florida;SN50540;09.2012;10,6;408,5
Bergen - Florida;SN50540;10.2012;7;224,6
Bergen - Florida;SN50540;11.2012;6;393,1
Bergen - Florida;SN50540;12.2012;-0,1;161,6
Bergen - Florida;SN50540;01.2013;0,3;150,4
Bergen - Florida;SN50540;02.2013;0,6;79,3
Bergen - Florida;SN50540;03.2013;0,9;17,9
Bergen - Florida;SN50540;04.2013;5,1;219,5
Bergen - Florida;SN50540;05.2013;11,3;129,7
Bergen - Florida;SN50540;06.2013;13,3;158,9
Bergen - Florida;SN50540;07.2013;15,6;167,6
Bergen - Florida;SN50540;08.2013;15,2;214,7
Bergen - Florida;SN50540;09.2013;12,5;202,1
Bergen - Florida;SN50540;10.2013;9,6;343,1
Bergen - Florida;SN50540;11.2013;5,5;352,7
Bergen - Florida;SN50540;12.2013;5,7;433,6
Bergen - Florida;SN50540;01.2014;3,4;101,2
Bergen - Florida;SN50540;02.2014;5,5;200,2
Bergen - Florida;SN50540;03.2014;6;278,4
Bergen - Florida;SN50540;04.2014;8,9;131,1
Bergen - Florida;SN50540;05.2014;11,4;96,7
Bergen - Florida;SN50540;06.2014;14,5;58,6
Bergen - Florida;SN50540;07.2014;19;162,7
Bergen - Florida;SN50540;08.2014;15,5;206
Bergen - Florida;SN50540;09.2014;13,6;127,9
Bergen - Florida;SN50540;10.2014;10,6;473,1
Bergen - Florida;SN50540;11.2014;7,3;169,3
Bergen - Florida;SN50540;12.2014;3,2;423,4
Bergen - Florida;SN50540;01.2015;3,4;516,1
Bergen - Florida;SN50540;02.2015;3,4;246,4
Bergen - Florida;SN50540;03.2015;5,2;349
Bergen - Florida;SN50540;04.2015;6,2;140,9
Bergen - Florida;SN50540;05.2015;8,6;240,5
Bergen - Florida;SN50540;06.2015;11,4;129,8
Bergen - Florida;SN50540;07.2015;14,4;108,2
Bergen - Florida;SN50540;08.2015;16,5;192,4
Bergen - Florida;SN50540;09.2015;13,5;121,9
Bergen - Florida;SN50540;10.2015;9,6;167,1
Bergen - Florida;SN50540;11.2015;6,8;433,6
Bergen - Florida;SN50540;12.2015;5,8;455,8
Bergen - Florida;SN50540;01.2016;0;172,9
Bergen - Florida;SN50540;02.2016;2,1;268,3
Bergen - Florida;SN50540;03.2016;4,9;115,3
Bergen - Florida;SN50540;04.2016;6,2;104,3
Bergen - Florida;SN50540;05.2016;12,2;87,1
Bergen - Florida;SN50540;06.2016;15,3;83,5
Bergen - Florida;SN50540;07.2016;14,7;263,5
Bergen - Florida;SN50540;08.2016;14,2;368,7
Bergen - Florida;SN50540;09.2016;15,2;262,2
Bergen - Florida;SN50540;10.2016;8,3;93,6
Bergen - Florida;SN50540;11.2016;4;316,5
Bergen - Florida;SN50540;12.2016;6,1;320,4
Bergen - Florida;SN50540;01.2017;3,6;265,9
Bergen - Florida;SN50540;02.2017;3;171,8
Bergen - Florida;SN50540;03.2017;4,7;186,9
Bergen - Florida;SN50540;04.2017;6,2;215,5
Bergen - Florida;SN50540;05.2017;12,2;62,7
Bergen - Florida;SN50540;06.2017;13,4;270,4
Bergen - Florida;SN50540;07.2017;14,9;163
Bergen - Florida;SN50540;08.2017;14,3;344,6
Bergen - Florida;SN50540;09.2017;13,8;138,5
Bergen - Florida;SN50540;10.2017;9,6;403,8
Bergen - Florida;SN50540;11.2017;4,5;369,1
Bergen - Florida;SN50540;12.2017;3,3;499,8
Bergen - Florida;SN50540;01.2018;2,7;217,2
Bergen - Florida;SN50540;02.2018;0,9;141,6
Bergen - Florida;SN50540;03.2018;0,8;61,3
Bergen - Florida;SN50540;04.2018;7,5;137
Bergen - Florida;SN50540;05.2018;14,7;62,2
Bergen - Florida;SN50540;06.2018;14,6;101,1
Bergen - Florida;SN50540;07.2018;17,3;50,7
Bergen - Florida;SN50540;08.2018;14,5;345,2
Bergen - Florida;SN50540;09.2018;12;520,3
Bergen - Florida;SN50540;10.2018;8,4;539,9
Bergen - Florida;SN50540;11.2018;6,7;74,7
Bergen - Florida;SN50540;12.2018;4,2;135,7
Bergen - Florida;SN50540;01.2019;2,6;190,9
Bergen - Florida;SN50540;02.2019;5,3;117,1
Bergen - Florida;SN50540;03.2019;4,6;249,5
Bergen - Florida;SN50540;04.2019;9,8;12,9
Bergen - Florida;SN50540;05.2019;9,4;89,9
Bergen - Florida;SN50540;06.2019;14,1;159,6
Bergen - Florida;SN50540;07.2019;16,2;151,5
Bergen - Florida;SN50540;08.2019;16,4;399,6
Bergen - Florida;SN50540;09.2019;11,6;259,5
Bergen - Florida;SN50540;10.2019;8;292,2
Bergen - Florida;SN50540;11.2019;3;58,5
Bergen - Florida;SN50540;12.2019;5;365,5
Bergen - Florida;SN50540;01.2020;5,5;466,4
Bergen - Florida;SN50540;02.2020;4;336,9
Bergen - Florida;SN50540;03.2020;4,7;256,6
Bergen - Florida;SN50540;04.2020;7,2;175,3
Bergen - Florida;SN50540;05.2020;9;114,8
Bergen - Florida;SN50540;06.2020;17,5;45,2
Bergen - Florida;SN50540;07.2020;13,6;225,6
Bergen - Florida;SN50540;08.2020;16,4;171,7
Bergen - Florida;SN50540;09.2020;12,3;382,8
Bergen - Florida;SN50540;10.2020;9,9;188,5
Bergen - Florida;SN50540;11.2020;7,9;455
Bergen - Florida;SN50540;12.2020;5,2;236
Bergen - Florida;SN50540;01.2021;-0,8;112,4
Bergen - Florida;SN50540;02.2021;0,6;119,9
Bergen - Florida;SN50540;03.2021;4,9;219,1
Bergen - Florida;SN50540;04.2021;5,6;87,9
Bergen - Florida;SN50540;05.2021;11;53,5
Bergen - Florida;SN50540;06.2021;15,1;109,1
Bergen - Florida;SN50540;07.2021;17,2;105,7
Bergen - Florida;SN50540;08.2021;15,5;66,7
Bergen - Florida;SN50540;09.2021;14;180
Bergen - Florida;SN50540;10.2021;9,8;641,4
Bergen - Florida;SN50540;11.2021;6;333,8
Bergen - Florida;SN50540;12.2021;2,6;131,4
Bergen - Florida;SN50540;01.2022;4,3;374,9
Bergen - Florida;SN50540;02.2022;3;122
Data er gyldig per 09.02.2022 (CC BY 4.0), Meteorologisk institutt (MET);;;;
